Название	Район	Адрес	Телефон	Сайт	Email	Instagram	Facebook	Рейтинг	Отзывы	Google Maps	Статус
Westside Veterinary Center	Manhattan	220 W 83rd St, New York, NY 10024, USA	(212) 580-1800	https://www.westsidevetcenter.com/			facebook.com/WestsideVeterinaryCenter	4.7	759	https://maps.google.com/?cid=12637345457530687099	Новый
Worth Street Veterinary Center	Manhattan	77 Worth St, New York, NY 10013, USA	(212) 257-6900	https://worthstreetvet.com/	help@worthstreetvet.com	@worthstreetvet	facebook.com/worthstreetvet	4.8	420	https://maps.google.com/?cid=3053250177717924569	Новый
East Village Animal Clinic	Manhattan	318 E 11th St, New York, NY 10003, USA	(212) 979-9870	https://www.eastvillageanimalclinic.com/?utm_source=google&utm_medium=organic&utm_campaign=gmb-listing-vvet	info@eastvillageac.com	@eastvillageanimalclinic	facebook.com/eastvillageanimalclinic	4.6	446	https://maps.google.com/?cid=7086510852094407272	Новый
Rivergate Veterinary Clinic	Manhattan	648 1st Ave, New York, NY 10016, USA	(212) 213-9885	https://rivergateveterinaryclinic.com/			facebook.com/rivergatevet	4.7	423	https://maps.google.com/?cid=12457044725963322585	Новый
York Veterinary Center	Harlem	417 E 72nd St, New York, NY 10021, USA	(917) 675-6270	http://www.yorkveterinarycenter.com/	info@yorkveterinarycenter.com	@yorkvetcenter	facebook.com/2008	4.7	147	https://maps.google.com/?cid=7019422516436960787	Новый
West Village Veterinary Hospital	Manhattan	75 8th Ave, New York, NY 10014, USA	(212) 633-7400	https://www.westvillagevets.com/?utm_source=gmb&utm_medium=organic&y_source=1_MTE2Njg3NjgtNzE1LWxvY2F0aW9uLndlYnNpdGU%3D	katwhite@comcast.net	@WestVillageVets	facebook.com/WestVillageVets	4.8	375	https://maps.google.com/?cid=18068061286564950564	Новый
Abingdon Square Veterinary Clinic	Manhattan	374 6th Ave, New York, NY 10011, USA	(212) 242-9169	https://abingdonsquarevet.com/	hello@asvcvet.com	@abingdonsquarevet	facebook.com/AbingdonSquareVeterinaryClinic	4.9	341	https://maps.google.com/?cid=7885801729172159278	Новый
The Schwarzman Animal Medical Center	Manhattan	510 E 62nd St, New York, NY 10065, USA	(212) 838-8100	https://www.amcny.org/			facebook.com/theanimalmedicalcenter	3.7	1582	https://maps.google.com/?cid=10306466600930904486	Новый
Pure Paws Veterinary Care of Hudson Square		350 Hudson St, New York, NY 10014, USA	(212) 203-4187	https://www.purepawsvet.com/hudson-square-ny/		@purepawsvet	facebook.com/purepawsveterinarycare	4.9	138	https://maps.google.com/?cid=12924904319457498586	Новый
Bond Vet - Upper East Side at 62nd Street	Manhattan	1049 3rd Ave, Manhattan, NY 10065, USA	(212) 945-8115	https://bondvet.com/c/upper-east-side-animal-hospital?utm_source=google&utm_medium=organic&utm_campaign=gbp-listing&utm_content=upper-east-side-at-62nd-street		@bondvetclinic	facebook.com/bondvetclinic	4.6	802	https://maps.google.com/?cid=10303947931528041326	Новый
InstaVet Urgent Care & Wellness Animal Hospital - LIC Queens Pet Surgery Medical Center	Queens	44-16 23rd St, Long Island City, NY 11101, USA	(917) 525-2579	https://www.instavet.com/	support@instavet.com	@instavetcare	facebook.com/InstaVet	4.2	496	https://maps.google.com/?cid=17914706092985315917	Новый
Urban Vets Animal Hospital		163 Loisaida Ave, New York, NY 10009, USA	(212) 674-6200	http://urbanvets.com/			facebook.com/urbanvetsanimalhospital	4.4	212	https://maps.google.com/?cid=13850904000393822152	Новый
Inwood Animal Clinic	Manhattan	4846 Broadway, New York, NY 10034, USA	(212) 304-8387	https://www.inwoodanimalclinic.com/?utm_source=GMBlisting&utm_medium=organic&utm_campaign=gmb	info@inwoodanimalclinic.com	@inwoodanimalclinic	facebook.com/InwoodAnimalClinicNyc	4.4	1194	https://maps.google.com/?cid=7432879872858461787	Новый
VEG ER for Pets	Manhattan	1215 2nd Ave, New York, NY 10065, USA	(212) 223-3500	https://www.veg.com/locations/new-york/upper-east-side?utm_source=organic_google&utm_medium=gbp_link&utm_campaign=locations_page&utm_content=upper_east_side		@veterinary_emergency_group	facebook.com/veterinaryemergencygroup	4.6	814	https://maps.google.com/?cid=10203025009037843286	Новый
Williamsburg Veterinary Clinic	Brooklyn	117 Metropolitan Ave, Brooklyn, NY 11249, USA	(718) 302-1485	http://www.williamsburgvets.com/	info@williamsburgvets.com	@williamsburgvets	facebook.com/TimberstoneVet	4.6	559	https://maps.google.com/?cid=4328877949712579995	Новый
Murray Hill Pet Hospital	Manhattan	47 E 30th St, New York, NY 10016, USA	(646) 692-0483	https://veterinarianmurrayhillny.com/?utm_source=gmb&utm_medium=Yext&cp=6466920483&y_source=1_MTYxMTMwMTgtNzE1LWxvY2F0aW9uLndlYnNpdGU%3D				4.7	281	https://maps.google.com/?cid=11825402884895444163	Новый
Greenwich Village Animal Hospital		504 Hudson St, New York, NY 10014, USA	(212) 691-1100	http://www.gvah.com/	gvah504@gmail.com	@greenwichvillageanimalhospital	facebook.com/GreenwichVillageAnimalHospital	4.5	210	https://maps.google.com/?cid=14147294670706702228	Новый
The Neighborhood Vet	Brooklyn	169 Central Ave, Brooklyn, NY 11221, USA	(718) 456-2168	https://theneighborhoodvet.org/		@theneighborhoodvet	facebook.com/theneighborhoodvet	4.6	298	https://maps.google.com/?cid=16975802646970468853	Новый
VEG ER for Pets	Manhattan	735 6th Ave Unit A, New York, NY 10010, USA	(646) 582-8882	https://www.veg.com/locations/new-york/chelsea?utm_source=organic_google&utm_medium=gbp_link&utm_campaign=locations_page&utm_content=chelsea		@veterinary_emergency_group	facebook.com/veterinaryemergencygroup	4.8	433	https://maps.google.com/?cid=4579928763032712426	Новый
Downtown Veterinary Clinic		244 9th Ave, New York, NY 10011, USA	(212) 463-8705	http://www.downtownveterinaryclinic.com/	downtownvetclinic@gmail.com		facebook.com/2008	4.4	77	https://maps.google.com/?cid=8593744992640523864	Новый
Small Door Veterinary - West Village		15 7th Ave, New York, NY 10011, USA	(212) 300-9893	https://www.smalldoorvet.com/	hi@smalldoorvet.com	@smalldoorvet	facebook.com/smalldoorvet	4.7	308	https://maps.google.com/?cid=5611958914333724986	Новый
Battery Park Veterinary Hospital	Manhattan	2 S End Ave, New York, NY 10280, USA	(212) 786-4444	https://www.batteryparkvets.com/?utm_source=gmb&utm_medium=organic&y_source=1_MTE2Njg3NjktNzE1LWxvY2F0aW9uLndlYnNpdGU%3D		@batteryparkvets	facebook.com/BatteryParkVets	4.7	235	https://maps.google.com/?cid=1176545778027709162	Новый
Small Door Veterinary - Upper East Side	Upper East Side	1231 3rd Ave, New York, NY 10021, USA	(212) 300-9892	https://www.smalldoorvet.com/locations/upper-east-side	hi@smalldoorvet.com	@smalldoorvet	facebook.com/smalldoorvet	4.5	243	https://maps.google.com/?cid=2541903554547429365	Новый
West Chelsea Veterinary	Manhattan	248 W 26th St, New York, NY 10001, USA	(212) 645-2767	https://westchelseavet.com/	info@westchelseavet.com	@westchelseavet	facebook.com/westchelseavet	4.8	479	https://maps.google.com/?cid=5338877134727626853	Новый
Tribeca Soho Animal Hospital	Manhattan	180 6th Ave, New York, NY 10013, USA	(212) 925-6100	https://www.tribecavets.com/?utm_source=gmb&utm_medium=organic&y_source=1_MTE2Njg3NjctNzE1LWxvY2F0aW9uLndlYnNpdGU%3D		@TribecaVets	facebook.com/TribecaVets	4.6	198	https://maps.google.com/?cid=13804344256245585186	Новый
University Animal Hospital	Manhattan	354 E 66th St, New York, NY 10065, USA	(212) 288-8884	http://universityanimalhospital.com/	info@uahnyc.com	@universityanimalhospnyc	facebook.com/UniversityAnimalHospitalNY	4.6	282	https://maps.google.com/?cid=3854244696021118736	Новый
BluePearl Pet Hospital	Manhattan	410 W 55th St, New York, NY 10019, USA	(212) 767-0099	https://bluepearlvet.com/hospital/midtown-nyc/?utm_source=maps&utm_medium=google&utm_campaign=gbp	info.midtownnyc@bluepearlvet.com	@bluepearlvet	facebook.com/BluePearlPetHospital	4	779	https://maps.google.com/?cid=15887084997613821565	Новый
Bond Vet - Cobble Hill	Brooklyn	217 Court St, Brooklyn, NY 11201, USA	(718) 673-6763	https://bondvet.com/c/cobble-hill-animal-hospital?utm_source=google&utm_medium=organic&utm_campaign=gbp-listing&utm_content=cobble-hill		@bondvetclinic	facebook.com/bondvetclinic	4.6	1013	https://maps.google.com/?cid=15736998346728040123	Новый
Glendale Veterinary Clinic	Queens	67-40 Myrtle Avenue, Glendale, NY 11385, USA	(347) 599-1335	http://www.glendalevetclinic.com/			facebook.com/GlendaleVeterinaryClinic	4.7	437	https://maps.google.com/?cid=4590399026961624632	Новый
Symphony Veterinary Center	Manhattan	170 W 96th St, New York, NY 10025, USA	(212) 866-8000	https://www.symphonyvet.com/?utm_source=gmb&utm_medium=organic&y_source=1_MTE2Njg4ODEtNzE1LWxvY2F0aW9uLndlYnNpdGU%3D		@symphonyvetcenter	facebook.com/SymphonyVetCenter	4.7	530	https://maps.google.com/?cid=11131398226086841302	Новый
Veterinaire Pet Care		201 Marin Blvd, Jersey City, NJ 07302, USA	(201) 839-6939	https://veterinairepetcare.com/	VeterinaireJC@gmail.com	@veterinairepetcare		4.8	900	https://maps.google.com/?cid=5787683499898438544	Новый
Hudson Animal Hospital	Manhattan	238 W 61st St, New York, NY 10023, USA	(212) 706-4088	https://www.hudsonanimalhospitalnyc.com/	info@hudsonanimalhospitalnyc.com	@hudsonanimalhospital	facebook.com/hudsonanimalhospitalnyc	4.6	146	https://maps.google.com/?cid=12404100073312451567	Новый
Long Island City Veterinary Center	Queens	48-18 Vernon Blvd, Long Island City, NY 11101, USA	(718) 383-8387	http://nycvetgroup.com/	licvets@gmail.com	@licvets	facebook.com/LICVets	4.3	315	https://maps.google.com/?cid=10495761049310340976	Новый
All Ears Veterinary	Brooklyn	345 Schermerhorn St, Brooklyn, NY 11217, USA	(646) 434-2610	https://allearsvet.com/		@allearsvet	facebook.com/allearsvet	4.7	386	https://maps.google.com/?cid=4909316336615681226	Новый
Small Door Veterinary - Gramercy		380 2nd Ave, New York, NY 10010, USA	(212) 300-9891	https://www.smalldoorvet.com/locations/new-york-city/gramercy	hi@smalldoorvet.com	@smalldoorvet	facebook.com/smalldoorvet	4.7	207	https://maps.google.com/?cid=2190543157667493099	Новый
Heart of Harlem Veterinary Clinic	Harlem	Door #1, 2143 Adam Clayton Powell Jr Blvd 2nd Floor, New York, NY 10027, USA	(212) 280-3700	https://heartofharlemveterinaryclinic.com/	management@hofhvc.com	@heartofharlemvetclinic	facebook.com/HeartofHarlemVeterinaryClinic	4.3	595	https://maps.google.com/?cid=16023006771673452124	Новый
Riverside Veterinary Care on Columbus	Upper West Side	428 Columbus Ave, New York, NY 10024, USA	(212) 787-1993	https://www.riversideveterinarycare.com/?utm_source=gmb&utm_medium=organic&y_source=1_MTE2Njg4MjUtNzE1LWxvY2F0aW9uLndlYnNpdGU%3D	absweety138@gmail.com	@riversideveterinarycare	facebook.com/riversideveterinarycareoncolumbus	4.8	362	https://maps.google.com/?cid=8894131576479370624	Новый
Gramercy Park Animal Hospital		37 E 19th St, New York, NY 10003, USA	(212) 477-4080					4.6	142	https://maps.google.com/?cid=17926732093457849821	Новый
Pure Paws Veterinary Care of Hell's Kitchen	Manhattan	506 W 42nd St, New York, NY 10036, USA	(917) 534-7838	https://www.purepawsvet.com/hells-kitchen-ny/		@purepawsvet	facebook.com/purepawsveterinarycare	4.5	444	https://maps.google.com/?cid=1808708270983993706	Новый
ASPCA Animal Hospital	Manhattan	424 E 92nd St, New York, NY 10128, USA	(844) 692-7722	http://www.aspca.org/nyc/aspca-animal-hospital		@aspca	facebook.com/sharer.php	4.4	1102	https://maps.google.com/?cid=5456088719079476410	Новый
URvet Care Upper East Side (Midtown Medical Center is Open 24/7)	Upper East Side	1432 2nd Ave, New York, NY 10021, USA	(646) 535-9220	https://urvetcare.com/		@urvetcare	facebook.com/urvetcare	4.5	167	https://maps.google.com/?cid=10426579078660064972	Новый
Harlem Animal Hospital	Manhattan	193 Malcolm X Blvd, New York, NY 10026, USA	(212) 933-0955	http://harlemanimalhospital.com/	harlemanimalhospital@gmail.com		facebook.com/Harlem	4.2	315	https://maps.google.com/?cid=8531302324372743753	Новый
Queens Low Cost Veterinary Center	Queens	28-27 Steinway St, Queens, NY 11103, USA	(718) 685-2332	http://queensvet.online/	qvc2827@gmail.com			4	387	https://maps.google.com/?cid=13578831548075724876	Новый
Reade Street Animal Hospital, A Thrive Pet Healthcare Partner		146 Reade St, New York, NY 10013, USA	(212) 274-1700	https://www.thrivepetcare.com/locations/new-york/new-york/reade-street-animal-hospital?utm_source=google&utm_medium=gmb				4.5	111	https://maps.google.com/?cid=853585325820733673	Новый
Carnegie Hill Veterinarians	Harlem	1707 3rd Ave, New York, NY 10128, USA	(212) 369-5665	https://carnegiehillveterinarians.com/	hello@carnegievet.com	@abingdonsquarevet	facebook.com/AbingdonSquareVeterinaryClinic	4.4	360	https://maps.google.com/?cid=5941528718967761056	Новый
Animal Clinic of New York	Harlem	1623 1st Ave, New York, NY 10028, USA	(212) 628-5580					4.1	40	https://maps.google.com/?cid=14483976620661089318	Новый
Westside Animal Hospital	Upper West Side	666 10th Ave, New York, NY 10036, USA	(212) 247-8600	http://www.westsideanimalnyc.com			facebook.com/westsideanimalhospitalnyc	4.3	74	https://maps.google.com/?cid=8891001694335894191	Новый
Pure Paws Veterinary Care of Clinton Hill		944 Fulton St, Brooklyn, NY 11238, USA	(718) 783-5500	https://www.purepawsvet.com/clinton-hill-ny/		@purepawsvet	facebook.com/purepawsveterinarycare	4.5	573	https://maps.google.com/?cid=16904813648802887464	Новый
The Animal Cardiology Center		121 York St, Brooklyn, NY 11201, USA	(212) 722-0449	http://www.taccvets.com/	info@taccvets.com	@taccnyc	facebook.com/p	4.9	200	https://maps.google.com/?cid=16623410639954271706	Новый
Vetco Total Care Animal Hospital		44 Union Sq E, New York, NY 10003, USA	(332) 345-5957	https://stores.petco.com/ny/newyork/vet-hospital-newyork-ny-3741.html		@petco	facebook.com/PETCO	4.1	202	https://maps.google.com/?cid=11949623140606417250	Новый
Riverside Veterinary Clinic	Harlem	4151 Broadway, New York, NY 10033, USA	(212) 923-1991	http://riversidevetny.com/			facebook.com/118992938146202	3.5	331	https://maps.google.com/?cid=11385836121741117739	Новый
Heart of Chelsea Veterinary Group - Lower East Side		241 Eldridge St, New York, NY 10002, USA	(212) 390-8387	https://heartofchelsea.com/lower-east-side/		@heartofchelseavet	facebook.com/heartofchelseavet	4.6	173	https://maps.google.com/?cid=15657949097882720322	Новый
Midtown Animal Hospital	Manhattan	256 E 33rd St #1, New York, NY 10016, USA	(212) 683-0309	http://midtownanimalhospital.org/	Midtowndvm@gmail.com		facebook.com/Midtown	4.4	68	https://maps.google.com/?cid=4081299037706886027	Новый
Williamsburg Animal Clinic	Brooklyn	760 Grand St, Brooklyn, NY 11211, USA	(718) 302-2420	https://williamsburgvetny.com/	clinicdesk@williamsburgvetny.com	@williamsburganimalclinic	facebook.com/therealwilliamsburganimalclinic	4.3	530	https://maps.google.com/?cid=14381954723306450959	Новый
Center for Veterinary Care	Upper East Side	236 E 75th St #2, New York, NY 10021, USA	(212) 734-7480	https://www.thrivepetcare.com/locations/new-york/new-york/center-for-veterinary-care?utm_source=google&utm_medium=gmb				4.7	178	https://maps.google.com/?cid=8035384202107846434	Новый
Center For Avian & Exotic Medicine	Upper West Side	562 Columbus Ave, New York, NY 10024, USA	(212) 501-8750	https://www.thrivepetcare.com/locations/new-york/new-york/center-for-avian-and-exotic-medicine/?utm_source=gmb&utm_medium=web				4.4	854	https://maps.google.com/?cid=17240602376693477177	Новый
City Veterinary Care	Manhattan	220 W 72nd St, New York, NY 10023, USA	(332) 334-8313	http://www.cityvetcare.com/?utm_source=GMBlisting&utm_medium=organic&utm_campaign=gmb	info@cityvetcare.com	@cityveterinarycare	facebook.com/cityvetcare	4.6	390	https://maps.google.com/?cid=16347966819992548822	Новый
The Humane Society of New York	Manhattan	306 E 59th St, New York, NY 10022, USA	(212) 752-4840	http://www.humanesocietyny.org/about/contact.php	info.hsny@verizon.net	@humanesocietyny	facebook.com/HumaneSocietyNY	4.1	1243	https://maps.google.com/?cid=14891515050328566733	Новый
Veterinary Eye Center of New York City (Hell's Kitchen)		357 W 52nd St, New York, NY 10019, USA	(646) 838-3915	http://www.vecnyc.com/	info@vecnyc.com	@veteyecenternyc	facebook.com/veteyecenternyc	5	278	https://maps.google.com/?cid=4770813042423829217	Новый
East Side Animal Hospital	Upper East Side	321 E 52nd St, New York, NY 10022, USA	(212) 751-5176	https://nycvetgroup.com/	licvets@gmail.com	@licvets	facebook.com/LICVets	4	157	https://maps.google.com/?cid=6081853135136239620	Новый
Bond Vet - Upper West Side at 77th Street	Manhattan	352 Amsterdam Ave, Manhattan, NY 10024, USA	(212) 729-9661	https://bondvet.com/c/upper-west-side-animal-hospital?utm_source=google&utm_medium=organic&utm_campaign=gbp-listing&utm_content=upper-west-side-at-77th-street		@bondvetclinic	facebook.com/bondvetclinic	4.7	666	https://maps.google.com/?cid=11420247721177139037	Новый
VCA Park East Animal Hospital	Manhattan	1390 2nd Ave, New York, NY 10021, USA	(212) 832-8417	https://vcahospitals.com/park-east?utm_source=maps&utm_medium=organic&utm_campaign=AU_1257				4.3	112	https://maps.google.com/?cid=12890981248735562377	Новый
Lincoln Square Veterinary Hospital	Manhattan	140 W 67th St, New York, NY 10023, USA	(212) 712-9600	http://lincolnsquarevets.com/	LincolnSquareVH@yourvetdoc.com	@lincoln_square_vet_hospital	facebook.com/lincolnsquareveterinaryhospital	4.6	158	https://maps.google.com/?cid=8425074413609492715	Новый
Animal Health Center	Manhattan	1676 1st Ave, New York, NY 10128, USA	(212) 360-5820	https://www.animalvetnyc.com/				4.4	98	https://maps.google.com/?cid=6283459932309285752	Новый
Riverside Animal Hospital North	Manhattan	250 W 108th St, New York, NY 10025, USA	(212) 865-2224	https://www.riversideanimalhospitalnorth.com/?utm_source=gmb&utm_medium=organic&y_source=1_MTE2Njg4MjQtNzE1LWxvY2F0aW9uLndlYnNpdGU%3D		@riversideahnorth	facebook.com/VetsNYC	4.6	502	https://maps.google.com/?cid=16377876435085379751	Новый
VERG Brooklyn	Brooklyn	196 4th Ave, Brooklyn, NY 11217, USA	(718) 522-9400	https://verg-brooklyn.com/	info@verg-brooklyn.com	@vergbrooklyn	facebook.com/VERGBrooklyn	3.3	915	https://maps.google.com/?cid=7029637960923326553	Новый
Park Slope Veterinary Center	Brooklyn	Park Slope Veterinary Center, 639 4th Ave, Brooklyn, NY 11232, USA	(718) 369-7387	https://parkslopevetcenter.com/	reception@parkslopeveterinarycenter.com	@parkslopevet	facebook.com/parkslopevet	4.5	363	https://maps.google.com/?cid=5243659734738015557	Новый
VEG ER for Pets	Brooklyn	1950 Ralph Ave, Brooklyn, NY 11234, USA	(718) 677-6700	https://www.veg.com/locations/new-york/ralph-ave-brooklyn?utm_source=organic_google&utm_medium=gbp_link&utm_campaign=locations_page&utm_content=ralph_ave_brooklyn		@veterinary_emergency_group	facebook.com/veterinaryemergencygroup	4.7	831	https://maps.google.com/?cid=18331657255352028926	Новый
Heart of Brooklyn Veterinary Hospital - Flatbush	Brooklyn	764 Flatbush Ave, Brooklyn, NY 11226, USA	(718) 282-5475	https://heartofbrooklynveterinary.com/		@heartofbrooklynvh	facebook.com/hobkvet	4.1	205	https://maps.google.com/?cid=14456065996094325429	Новый
Bond Vet - Park Slope	Brooklyn	157 5th Ave, Brooklyn, NY 11217, USA	(212) 518-3239	https://bondvet.com/c/park-slope-animal-hospital?utm_source=google&utm_medium=organic&utm_campaign=gbp-listing&utm_content=park-slope		@bondvetclinic	facebook.com/bondvetclinic	4.4	392	https://maps.google.com/?cid=3014527740476058995	Новый
Animal Hospital of Brooklyn	Brooklyn	2270 Flatbush Ave, Brooklyn, NY 11234, USA	(718) 258-0500	https://animalhospitalbrooklyn.com/	animalhospitalofbrooklyn@gmail.com		facebook.com/tr	4.4	427	https://maps.google.com/?cid=4745689519607714380	Новый
Fifth Avenue Veterinary Hospital	Brooklyn	9102 5th Ave, Brooklyn, NY 11209, USA	(718) 748-1066	https://www.facebook.com/profile.php/?id=100049682479870			facebook.com/people	3.9	328	https://maps.google.com/?cid=9642498445319538027	Новый
Animal Kind Veterinary Hospital	Brooklyn	365 7th Ave, Brooklyn, NY 11215, USA	(718) 832-3899	https://www.animalkind.com/?utm_source=gmb&utm_medium=organic&y_source=1_MTE2Njg5NTAtNzE1LWxvY2F0aW9uLndlYnNpdGU%3D		@animalkindvet	facebook.com/animalkindveterinaryhospital	4.6	756	https://maps.google.com/?cid=5924897682695026931	Новый
All Creatures Veterinary Hospital of Brooklyn	Brooklyn	643 Washington Ave, Brooklyn, NY 11238, USA	(347) 915-1420	https://www.allcreaturesvetbrooklyn.com/	info@allcreatures-bk.com	@allcreaturesvetbrooklyn	facebook.com/All	4.6	231	https://maps.google.com/?cid=3816578462475151786	Новый
Heart of Brooklyn Veterinary Hospital - Fort Greene	Brooklyn	775 Fulton St, Brooklyn, NY 11217, USA	(718) 855-7387	https://heartofbrooklynveterinary.com/		@heartofbrooklynvh	facebook.com/hobkvet	4.4	238	https://maps.google.com/?cid=16142760557639659434	Новый
Bath Animal Hospital	Brooklyn	2125 Bath Ave, Brooklyn, NY 11214, USA	(718) 373-5126	https://www.bathanimalhosp.com/	info@bathanimalhosp.com			4.5	209	https://maps.google.com/?cid=9501888197125672610	Новый
BluePearl Pet Hospital	Brooklyn	190 3rd Ave, Brooklyn, NY 11217, USA	(718) 596-0099	https://bluepearlvet.com/hospital/brooklyn-ny/?utm_source=maps&utm_medium=google&utm_campaign=gbp	Info.Brooklyn@bluepearlvet.com	@bluepearlvet	facebook.com/BluePearlPetHospital	3.8	811	https://maps.google.com/?cid=2105663428146618568	Новый
Crown Heights Animal Hospital	Brooklyn	753 Franklin Ave, Brooklyn, NY 11238, USA	(718) 622-0052	http://www.phanimalhospital.com/				4.4	202	https://maps.google.com/?cid=1815442453534120521	Новый
Animal Clinic of Marine Park	Brooklyn	3616 Quentin Rd, Brooklyn, NY 11234, USA	(718) 382-8100	http://animalclinicofmarinepark.com/			facebook.com/animalclinicofmarinepark	4.2	268	https://maps.google.com/?cid=2267891512902806154	Новый
Pet Haven Animal Hospital	Brooklyn	290 McDonald Ave, Brooklyn, NY 11218, USA	(718) 435-6900	http://www.pethavenhospital.com/			facebook.com/pages	4.1	250	https://maps.google.com/?cid=10246481669789223335	Новый
Sheepshead Bay Veterinary Group	Brooklyn	2806 Avenue U, Brooklyn, NY 11229, USA	(718) 368-1863	https://sbvet.net/	sbvg2003@yahoo.com		facebook.com/Sheepshead	4.1	535	https://maps.google.com/?cid=4721243893360782770	Новый
Franklin Ave Animal Hospital	Brooklyn	614 Franklin Ave, Brooklyn, NY 11238, USA	(718) 975-7080	https://phanimalhospital.com/				4.5	374	https://maps.google.com/?cid=2418619687371204555	Новый
Prospect Heights Animal Hospital	Brooklyn	277 Flatbush Ave, Brooklyn, NY 11217, USA	(718) 789-3647	http://www.phanimalhospital.com/				4.4	191	https://maps.google.com/?cid=10495713698487928021	Новый
Kew Gardens Animal Hospital	Queens	118-27 Metropolitan Ave, Kew Gardens, NY 11415, USA	(718) 847-7387	https://www.kewgardensanimalhospital.com/	kewgardensanimalhospital@gmail.com	@kewgardensanimalhospital	facebook.com/profile.php	4.5	597	https://maps.google.com/?cid=15014972136688877959	Новый
Veterinary Care Group - Middle Village	Queens	62-09 Fresh Pond Rd, Middle Village, NY 11379, USA	(718) 386-0655	https://www.veterinarycaregroup.com/locations/middle-village?utm_source=gmb&utm_medium=organic&y_source=1_MjQ0NDU4MjgtNzE1LWxvY2F0aW9uLndlYnNpdGU%3D	privacy@nva.com	@veterinarycaregroup	facebook.com/veterinarycaregroup	4.6	543	https://maps.google.com/?cid=17649013304363267553	Новый
VEG ER for Pets	Brooklyn	87 Kent Ave, Brooklyn, NY 11249, USA	(917) 423-6444	https://www.veg.com/locations/new-york/williamsburg?utm_source=organic_google&utm_medium=gbp_link&utm_campaign=locations_page&utm_content=williamsburg		@veterinary_emergency_group	facebook.com/veterinaryemergencygroup	4.7	817	https://maps.google.com/?cid=9099792744915184102	Новый
Alison Animal Hospital	Brooklyn	224 Prospect Park W, Brooklyn, NY 11215, USA	(718) 473-0081	https://www.alisonanimal.com/	SayHi@alisonanimal.com	@alisonanimalhospital	facebook.com/Alison	4.7	398	https://maps.google.com/?cid=16315816510507755825	Новый
One Love Animal Hospital	Brooklyn	317 Atlantic Ave, Brooklyn, NY 11201, USA	(718) 532-7410	http://onelovevet.com/	info@onelovevet.com	@onelovehospital	facebook.com/onelovevet	4.3	138	https://maps.google.com/?cid=2570210054289080961	Новый
Veterinarian in Queens, USDA Vet	Queens	92-29 Queens Blvd, Rego Park, NY 11374, USA	(718) 606-6102	https://vetqueens.com/			facebook.com/Rego	3.9	229	https://maps.google.com/?cid=13366230280288007272	Новый
Prospect Park Animal Clinic	Brooklyn	105 Prospect Park W, Brooklyn, NY 11215, USA	(718) 768-6125	http://www.prospectparkanimalclinic.com/	prospectparkanimalclinic@gmail.com	@prospectparkanimalclinic	facebook.com/ProspectParkAnimalClinic	4.8	308	https://maps.google.com/?cid=5365061910705877622	Новый
Animal Clinic of Queens	Queens	65-12 Fresh Pond Rd, Flushing, NY 11385, USA	(718) 417-6200					4.1	374	https://maps.google.com/?cid=7691935626285922861	Новый
Juniper Valley Animal Hospital	Queens	64-14 69th Pl, Middle Village, NY 11379, USA	(718) 418-7330	http://junipervalley.com/		@junipervalleyanimalhospital	facebook.com/JuniperValleyAH	4.8	866	https://maps.google.com/?cid=11540996059542267024	Новый
BluePearl Pet Hospital	Queens	107-28 71st Rd, Forest Hills, NY 11375, USA	(718) 263-0099	https://bluepearlvet.com/hospital/queens-ny/?utm_source=maps&utm_medium=google&utm_campaign=gbp	Info.Queens@bluepearlvet.com	@bluepearlvet	facebook.com/BluePearlPetHospital	3	722	https://maps.google.com/?cid=11822291899410747008	Новый
Steinway Court Veterinarian	Queens	32-41 Steinway St, Long Island City, NY 11103, USA	(718) 728-2822	https://steinwaycourtvet.com/			facebook.com/Steinway	4.7	758	https://maps.google.com/?cid=542014978427495166	Новый
Lefferts Animal Hospital	Queens	86-37 Lefferts Blvd, Richmond Hill, NY 11418, USA	(917) 993-5349	https://leffertsvet.com/	leffertsah@yahoo.com	@Leffertsanimalhospital	facebook.com/LeffertsAnimalHospital	4.1	579	https://maps.google.com/?cid=5693445139486699959	Новый
Faithful Friends Animal Hospital	Brooklyn	2455 McDonald Ave, Brooklyn, NY 11223, USA	(718) 339-7387	http://www.faithfulfriendsny.com/	info@faithfulfriendsny.com			4.2	421	https://maps.google.com/?cid=987315276733045049	Новый
Elmhurst Animal Hospital	Queens	87-06 Queens Blvd, Elmhurst, NY 11373, USA	(718) 426-4444	https://myweb14.site/explore/elmhurst-animal-emergency-hospital				2.8	169	https://maps.google.com/?cid=17546270384093540990	Новый
Queens Animal Hospital	Queens	40-28 58th St, Woodside, NY 11377, USA	(718) 672-9722	https://queensanimalhospital.com/		@queensanimalhospital	facebook.com/QueensAnimal	3.7	562	https://maps.google.com/?cid=17164243273582648840	Новый
Fresh Meadows Animal Clinic	Queens	192-09 Union Tpke, Fresh Meadows, NY 11366, USA	(718) 776-1165	http://queensveterinarian.com	queensveterinarian@gmail.com	@freshmeadowsanimalclinic	facebook.com/freshmeadowsanimalclinic	4.5	478	https://maps.google.com/?cid=11840662600422678262	Новый
Veterinary Care Group - Forest Hills	Queens	103-27 Queens Blvd, Forest Hills, NY 11375, USA	(718) 830-3260	https://www.veterinarycaregroup.com/locations/forest-hills?utm_source=gmb&utm_medium=organic&y_source=1_MjQ0NDU0OTYtNzE1LWxvY2F0aW9uLndlYnNpdGU=	gem.aci@aol.com	@veterinarycaregroup	facebook.com/veterinarycaregroup	4.4	376	https://maps.google.com/?cid=11287833913507148771	Новый
North Shore Animal Hospital	Queens	42-02 215th St, Bayside, NY 11361, USA	(718) 208-4303	https://veterinarianbaysideny.com/?utm_source=gmb&utm_medium=Yext&cp=7182084303&y_source=1_MTYxMTMwMTktNzE1LWxvY2F0aW9uLndlYnNpdGU%3D				4.4	613	https://maps.google.com/?cid=13658282252135779004	Новый
Skillman Animal Clinic	Queens	45-12 Skillman Ave, Sunnyside, NY 11104, USA	(718) 806-1561	http://www.skillmananimalclinic.com/	vet@skillmananimalclinic.com	@skillmananimalclinic	facebook.com/profile.php	3.8	150	https://maps.google.com/?cid=10348454939138538873	Новый
Hope Animal Hospital	Brooklyn	390 Atlantic Ave, Brooklyn, NY 11217, USA	(718) 852-4219	https://vcahospitals.com/hope?utm_source=maps&utm_medium=organic&utm_campaign=AU_983				3.8	162	https://maps.google.com/?cid=7579827608054860834	Новый
IAC Urgent Vets - Queens	Queens	32-33 Junction Blvd, East Elmhurst, NY 11369, USA	(718) 866-4580	http://www.urgent-vets.com/?utm_campaign=gmb	info@urgent-vets.com	@urgent_vets	facebook.com/104121572200487	4	410	https://maps.google.com/?cid=7470091870648059254	Новый
Petcare Animal Clinic	Queens	43-73 156th St, Flushing, NY 11355, USA	(718) 762-4747					4.2	528	https://maps.google.com/?cid=9156528482299291740	Новый
Bronx Veterinary Center	Bronx	2460 Webster Ave, Bronx, NY 10458, USA	(718) 933-1002	http://www.bronxvetcenter.com/		@bronxvetcenter	facebook.com/BronxVeterinaryCenter	4.3	2109	https://maps.google.com/?cid=10280994425373670213	Новый
Bond Vet - Astoria	Queens	35-07 30th Ave., Queens, NY 11103, USA	(212) 466-6376	https://bondvet.com/c/astoria-animal-hospital?utm_source=google&utm_medium=organic&utm_campaign=gbp-listing&utm_content=astoria		@bondvetclinic	facebook.com/bondvetclinic	4.4	478	https://maps.google.com/?cid=151862702697097925	Новый
A Animal Clinic of Queens	Queens	78-46 Metropolitan Ave, Flushing, NY 11379, USA	(718) 821-0100					3.8	75	https://maps.google.com/?cid=1549485297022293763	Новый
Heights Animal Hospital	Queens	71-02 35th Ave, Jackson Heights, NY 11372, USA	(718) 639-5210					4.5	351	https://maps.google.com/?cid=11243800654254023781	Новый
ASPCA Community Veterinary Clinic (Appointment Only)	Bronx	501 E 161st St, Bronx, NY 10451, USA	(844) 692-7722	https://www.aspca.org/bronx		@aspca	facebook.com/aspca	4.2	728	https://maps.google.com/?cid=10324247552660664850	Новый
Maspeth Animal Hospital	Queens	71-08 Grand Ave, Maspeth, NY 11378, USA	(718) 899-9200	http://www.maspethanimalhospital.net/	maspethhospital@gmail.com			4.6	513	https://maps.google.com/?cid=11059111017387912194	Новый
Middletown Animal Clinic	Bronx	2968 Middletown Rd, Bronx, NY 10461, USA	(718) 824-8300	https://middletownanimalclinic.com/	info@middletownanimalclinic.com	@middletownanimalclinic	facebook.com/Middletown	4.5	501	https://maps.google.com/?cid=12571440640583402551	Новый
Bronx Veterinary Center of Eastchester Road	Bronx	1640 Eastchester Rd, Bronx, NY 10461, USA	(718) 215-7387	http://www.bronxvetcenter.com/		@bronxvetcenter	facebook.com/BronxVeterinaryCenter	4.4	1160	https://maps.google.com/?cid=10264067402464259900	Новый
Court Square Animal Hospital	Queens	42-34 Crescent St, Long Island City, NY 11101, USA	(718) 577-4701	https://courtsquareanimalhospital.com/				4.5	351	https://maps.google.com/?cid=3559454067582543666	Новый
Liberty Animal Clinic	Queens	92-12 Liberty Ave, Ozone Park, NY 11417, USA	(718) 738-6666	http://gatewayvetshop.com/			facebook.com/GatewayVetShop	4.2	390	https://maps.google.com/?cid=11060502285335314371	Новый
Bronx County Animal Hospital	Bronx	988b Morris Park Ave, Bronx, NY 10462, USA	(718) 828-6404	http://www.bronxcountyanimalhospital.com/	bx.countyanimalhosp@live.com		facebook.com/2008	4.5	286	https://maps.google.com/?cid=4568366390520667925	Новый
Tri-Boro Animal Hospital	Bronx	3004 Lurting Ave, Bronx, NY 10469, USA	(718) 292-1770	http://www.animalhospitalbx.com/about-us/	frontdesk.triboro@gmail.com			4.2	343	https://maps.google.com/?cid=10137678769124548360	Новый
Broadway Animal Hospital of Riverdale	Bronx	5664 Broadway, Bronx, NY 10463, USA	(718) 543-5600	http://www.broadwayanimalhospitalofriverdale.com/	hello@bahriverdale.com	@broadwayah_riverdale	facebook.com/BroadwayAnimalHospitalofRiverdale	4.4	344	https://maps.google.com/?cid=9378924669601561406	Новый
The Pet Doctor of Flushing	Queens	25-62 Francis Lewis Blvd, Flushing, NY 11358, USA	(347) 851-1950	https://petdoctorny.com/?utm_source=GMBlisting&utm_medium=organic&utm_campaign=gmb	petdoctor01@gmail.com	@thepetdoctorny	facebook.com/thepetdoctoroflushing	4.5	579	https://maps.google.com/?cid=15408115604800891609	Новый
Riverdale Veterinary Group PC	Bronx	Riverdale Veterinary Group, 3607 Riverdale Ave, Bronx, NY 10463, USA	(718) 796-8387	http://riverdalevetgroup.com/			facebook.com/pages	4.4	867	https://maps.google.com/?cid=13040843265072949022	Новый
Fordham Veterinary Clinic	Bronx	2322 Grand Concourse, Bronx, NY 10453, USA	(212) 920-9680	http://fordhamvet.com/				3.8	49	https://maps.google.com/?cid=9655275551203598867	Новый
Armory Dog & Cat Hospital	Bronx	18 E Kingsbridge Rd, Bronx, NY 10468, USA	(718) 367-4350	https://guardianvet-armory.com/			facebook.com/profile.php	3.2	241	https://maps.google.com/?cid=14857065243053405743	Новый
Value Veterinary Clinic	Bronx	2074 Cross Bronx Expy, Bronx, NY 10472, USA	(718) 822-7387	http://valuevethospital.com/	valuevetclinic2@gmail.com	@valuevetclinic	facebook.com/Value	4.4	719	https://maps.google.com/?cid=13647187529799426507	Новый
Queens Midway Animal Hospital	Queens	77-46 164th St, Flushing, NY 11366, USA	(718) 591-9223	http://queensmidwayah.com/	queensmidwayanimalhospital@hotmail.com			4.6	334	https://maps.google.com/?cid=15539015573650807079	Новый
Animal Hospital of Morris Park	Bronx	1135 Morris Park Ave, Bronx, NY 10461, USA	(718) 822-3309	http://www.bronxanimalhospital.com/			facebook.com/Animal	4	1426	https://maps.google.com/?cid=7509151281925398593	Новый
Bronx Animal Hospital / Bronx Vet Center	Bronx	3004 Lurting Ave, Bronx, NY 10469, USA	(718) 292-1770	http://www.animalhospitalbx.com/	frontdesk.triboro@gmail.com			4.5	54	https://maps.google.com/?cid=645384520956582034	Новый
Staten Island Veterinary Group	Staten Island	3875 Victory Blvd, Staten Island, NY 10314, USA	(718) 370-0390	https://www.statenislandvetgroup.com/	sivetgroup@gmail.com	@sivetgroup	facebook.com/StatenIslandVetGroup	4.7	324	https://maps.google.com/?cid=6550245280656072281	Новый
Cross Bronx Pet Shop	Bronx	2064 Cross Bronx Service Rd N, Bronx, NY 10472, USA	(718) 597-5652	https://www.facebook.com/Cross-Bronx-Pet-Shop-293020390812774/			facebook.com/people	4.4	783	https://maps.google.com/?cid=397421333550385161	Новый
ANIMAL CLINIC	Bronx	2064 Cross Bronx Expy, Bronx, NY 10472, USA						4.4	9	https://maps.google.com/?cid=11505250006119638101	Новый
Northside Animal Hospital	Staten Island	773 Post Ave, Staten Island, NY 10310, USA	(718) 981-4445	https://nahnyc.com/	northsideanimal773@gmail.com	@northsideanimalhospital_	facebook.com/NAHNYC01	4.8	271	https://maps.google.com/?cid=16861084762200161747	Новый
New Rochelle Animal Hospital	Bronx	98 North Ave, New Rochelle, NY 10801, USA	(914) 636-8106	http://www.newrochellevet.com/				4.4	382	https://maps.google.com/?cid=14171475726376566668	Новый
Staten Island Animal Hospital	Staten Island	640 Willowbrook Rd, Staten Island, NY 10314, USA	(718) 698-1400	https://vcahospitals.com/staten-island?utm_source=maps&utm_medium=organic&utm_campaign=AU_384				4.3	191	https://maps.google.com/?cid=18167339706470615811	Новый
Animal Specialty Center	Bronx	9 Odell Plaza, Yonkers, NY 10701, USA	(914) 457-4000	https://www.animalspecialtycenter.com/?y_source=1_MTE2Njg5NDctNzE1LWxvY2F0aW9uLndlYnNpdGU%3D	Dollyos@aol.com	@animalspecialtycenter	facebook.com/AnimalSpecialtyCenter	4.2	1420	https://maps.google.com/?cid=2022944454222684629	Новый
Four Corners Veterinary Practice	Staten Island	1564 Richmond Rd, Staten Island, NY 10304, USA	(718) 979-9400					4.8	182	https://maps.google.com/?cid=15595162679564908796	Новый
Animal Health Group on the Boulevard	Staten Island	2300 Hylan Blvd, Staten Island, NY 10306, USA	(718) 980-6491	https://animalhealthgroup.com/?utm_source=GMB%20-%20animalhealthgroup.com&utm_medium=GMB&utm_campaign=GMB		@animalhealthgroup_ahg	facebook.com/AnimalHealthGroup	4.5	259	https://maps.google.com/?cid=15610635558665224801	Новый
Banfield Pet Hospital	Bronx	830 Pelham Pkwy, Pelham, NY 10803, USA	(914) 636-2915	https://www.banfield.com/locations/veterinarians/ny/pelham/phm?utm_source=yext&utm_medium=yext&utm_campaign=yext&cid=yext_local	email@emailserver.com	@banfieldpethospital	facebook.com/BanfieldPetHospital	3.7	281	https://maps.google.com/?cid=14847817951779813038	Новый
Eltingville Veterinary Practice	Staten Island	4353 Hylan Blvd, Staten Island, NY 10312, USA	(718) 208-4118	http://www.eltingvillevet.org/	info@eltingvillevet.com	@eltingvillevet	facebook.com/EltingvilleVet	4.8	118	https://maps.google.com/?cid=15721417322476709475	Новый
Hylan Animal Hospital	Staten Island	1200 Hylan Blvd, Staten Island, NY 10305, USA	(347) 934-3377	http://www.hylananimalhospital.com/		@hylananimalhospital	facebook.com/hylanvet	4.3	163	https://maps.google.com/?cid=13521752727755040032	Новый
Bay Street Animal Hospital	Staten Island	999 Bay St, Staten Island, NY 10305, USA	(718) 420-9100	http://baystanimalhospital.com/	mailbox@baystanimalhospital.com			3.8	308	https://maps.google.com/?cid=12847025031092771850	Новый
Westchester Animal Hospital	Bronx	384 Gramatan Ave, Mt Vernon, NY 10552, USA	(914) 668-0031	http://westchester-hospital.edan.io/			facebook.com/pages	4.6	498	https://maps.google.com/?cid=18191925640123511824	Новый
Richmond Valley Veterinary Practice	Staten Island	4915 Arthur Kill Rd, Staten Island, NY 10309, USA	(718) 948-3331	http://www.richmondvalleyvet.com/?utm_source=gmb&utm_medium=organic		@richmondvalleyvetpractice	facebook.com/RVVet	4.8	908	https://maps.google.com/?cid=6872469027567628935	Новый
Dongan Hills Veterinary Practice	Staten Island	289 Dongan Hills Ave, Staten Island, NY 10305, USA	(718) 987-7777	https://donganhillsvet.com/?utm_source=google&utm_medium=organic&utm_campaign=gmb&utm_term=website				4.5	122	https://maps.google.com/?cid=6709878480783068116	Новый
All Saints Animal Hospital	Staten Island	645 Rossville Ave, Staten Island, NY 10309, USA	(332) 204-1788	https://allsaintsanimals.com/	info@allsaintsanimals.com	@allsaintsanimalhospital	facebook.com/All	4.4	86	https://maps.google.com/?cid=8690993303976124686	Новый
Banfield Pet Hospital	Staten Island	1525 Forest Avenue, Staten Island, NY 10302, USA	(718) 273-4091	https://www.banfield.com/locations/veterinarians/ny/staten-island/stn?utm_source=yext&utm_medium=yext&utm_campaign=yext&cid=yext_local	email@emailserver.com	@banfieldpethospital	facebook.com/BanfieldPetHospital	4.3	256	https://maps.google.com/?cid=17981693651178362093	Новый
Pleasant Plains Animal Hospital South	Staten Island	5525 Amboy Rd 3900 #3900, Staten Island, NY 10312, USA	(718) 227-8387	https://www.sivet.com/locations/ppah-south	info@sivet.com	@ppah_south	facebook.com/PPAH2011	4.5	663	https://maps.google.com/?cid=16526526921264529179	Новый
CompleteCare Veterinary Center	Staten Island	1293 Clove Rd, Staten Island, NY 10301, USA	(718) 720-4211	https://veterinarianstatenislandny.com/?utm_source=gmb&utm_medium=Yext&cp=7189253498&y_source=1_MTYxMTMwMTctNzE1LWxvY2F0aW9uLndlYnNpdGU%3D				4.5	339	https://maps.google.com/?cid=10224724806848028490	Новый
Banfield Pet Hospital	Staten Island	2656 Hylan Blvd Ste 240, Staten Island, NY 10306, USA	(315) 508-6377	https://www.banfield.com/locations/veterinarians/ny/staten-island/sih?utm_source=yext&utm_medium=yext&utm_campaign=yext&cid=yext_local	email@emailserver.com	@banfieldpethospital	facebook.com/BanfieldPetHospital	4.3	110	https://maps.google.com/?cid=913295242853776014	Новый
St Francis Animal Hospital	Staten Island	4364 Amboy Rd, Staten Island, NY 10312, USA	(718) 967-2495	https://www.stfrancisofstatenisland.com/	info@stfrancisofstatenisland.com		facebook.com/pages	4.2	157	https://maps.google.com/?cid=6202097891176029468	Новый
Forest Animal Hospital	Staten Island	1050 Forest Avenue, Staten Island, NY 10310, USA	(718) 442-4377					4.6	711	https://maps.google.com/?cid=17146592866202530222	Новый
Community Veterinary Medicine	Harlem	3619 Broadway, New York, NY 10031, USA	(646) 912-9513	https://communityveterinarymedicine.com/			facebook.com/tr	3.9	263	https://maps.google.com/?cid=3213923993908827718	Новый
Greater Staten Island Veterinary Services	Staten Island	3135 Victory Blvd, Staten Island, NY 10314, USA	(917) 830-1380	https://gsvs.org/staten-island-ny/emergency-vet/?utm_source=google-business-profile&utm_medium=organic		@gsvs_statenisland	facebook.com/gardenstateveterinaryspecialists	3.7	327	https://maps.google.com/?cid=17817321849602329148	Новый
Island Bird Cat & Dog Veterinary Group	Staten Island	375 Manor Rd, Staten Island, NY 10314, USA	(718) 370-9472	http://www.islandbirdcatdogvetgroup.com/				4.7	280	https://maps.google.com/?cid=6979855319680453801	Новый
Pleasant Plains Animal Hospital North	Staten Island	1317 Forest Avenue, Staten Island, NY 10302, USA	(718) 878-3610	https://www.sivet.com/locations/ppah-north	info@sivet.com	@ppah_south	facebook.com/PPAH2011	4	111	https://maps.google.com/?cid=13119649307782769382	Новый
Small Door Veterinary - Upper West Side	Harlem	667 Columbus Ave, New York, NY 10025, USA	(212) 933-9044	https://www.smalldoorvet.com/	hi@smalldoorvet.com	@smalldoorvet	facebook.com/smalldoorvet	4.6	207	https://maps.google.com/?cid=11632560101235178294	Новый
Oliver's Dog & Cat Clinic	Harlem	2232 1st Ave, New York, NY 10029, USA	(212) 348-7070	http://www.oliversdogandcatclinic.com/		@olivers_dogandcat_clinic	facebook.com/oliversdogandcatclinic	4.5	687	https://maps.google.com/?cid=15428686034861852267	Новый
Bond Vet - Upper West Side at 91st Street	Harlem	2461 Broadway, Manhattan, NY 10025, USA	(212) 597-2866	https://bondvet.com/c/upper-west-side-91st-street-animal-hospital?utm_source=google&utm_medium=organic&utm_campaign=gbp-listing&utm_content=upper-west-side-at-91st-street		@bondvetclinic	facebook.com/bondvetclinic	4.5	90	https://maps.google.com/?cid=11803610514984970054	Новый
Animal House Veterinary Hospital	Staten Island	2555 Richmond Ave STE 1L, Staten Island, NY 10314, USA	(917) 245-2484	https://animalhousesiny.com/				4.7	55	https://maps.google.com/?cid=12720994725221293121	Новый
Harlem Valley Animal Clinic	Harlem	3017 NY-22, Dover Plains, NY 12522, USA	(845) 877-6852	https://harlemvalleyanimalclinic.com/	hvac3017@gmail.com			4.5	88	https://maps.google.com/?cid=12012775897074536331	Новый
Vetco Total Care Animal Hospital	Staten Island	165 Bricktown Way Ste 1C, Staten Island, NY 10309, USA	(718) 569-3036	https://stores.petco.com/ny/statenisland/vet-hospital-statenisland-ny-3794.html		@petco	facebook.com/PETCO	4.6	329	https://maps.google.com/?cid=5420303873041579596	Новый
Manhattan Veterinary Group	Harlem	240 E 80th St, New York, NY 10075, USA	(212) 988-1000	https://vcahospitals.com/manhattan-veterinary-group?utm_source=maps&utm_medium=organic&utm_campaign=AU_353		@vca	facebook.com/ManhattanVeterinaryGroup	4.4	212	https://maps.google.com/?cid=16291426809677650467	Новый
Aadobe Animal Hospital	Staten Island	1294 Forest Avenue, Staten Island, NY 10302, USA	(718) 370-0700	https://aadobestatenisland.com/			facebook.com/aadobeanimalsi	4.6	256	https://maps.google.com/?cid=17031320583362278834	Новый
Upper East Veterinary Center	Upper East Side	207 E 94th St, New York, NY 10128, USA	(212) 369-8387	https://uppereastvet.com/		@uppereastvetcenter	facebook.com/pages	4.7	15	https://maps.google.com/?cid=8782507354824243483	Новый
Gotham Veterinary Center	Harlem	700 Columbus Ave, New York, NY 10025, USA	(212) 222-1900	https://gothamvetcenter.com/		@gothamvetcenter	facebook.com/gothamvetcenter	4.5	254	https://maps.google.com/?cid=6037695242434957417	Новый
Lenox Hill Veterinarians	Upper East Side	1504 2nd Ave, New York, NY 10075, USA	(212) 288-8387	http://www.lenoxhillveterinarians.com/				4.3	81	https://maps.google.com/?cid=16280498994835026040	Новый
Bond Vet - Upper East Side at 86th Street	Upper East Side	1535 3rd Ave, Manhattan, NY 10028, USA	(212) 624-2773	https://bondvet.com/c/east-86th-street-animal-hospital?utm_source=google&utm_medium=organic&utm_campaign=gbp-listing&utm_content=upper-east-side-at-86th-street		@bondvetclinic	facebook.com/bondvetclinic	4.3	204	https://maps.google.com/?cid=16326616491973276702	Новый
Sutton Animal Hospital	Upper East Side	1147 1st Ave, New York, NY 10065, USA	(212) 935-0823	http://www.suttonvet.com/	info@suttonvet.com	@suttonanimalhospital	facebook.com/suttonanimalhospitalny	4.5	64	https://maps.google.com/?cid=13327720343763464217	Новый
URvet Care Midtown Medical Center	Upper East Side	252 E 57th St, New York, NY 10022, USA	(646) 221-1200	https://www.urvetcare.com/		@urvetcare	facebook.com/urvetcare	4.1	80	https://maps.google.com/?cid=9547997918982291905	Новый
Animal Care Centers of NYC - Manhattan	Harlem	326 E 110th St, New York, NY 10029, USA	(212) 788-4000	https://www.nycacc.org/	media@nycacc.org	@nycacc	facebook.com/NYCACC	4.1	1794	https://maps.google.com/?cid=7759259791576403280	Новый
Harlem Vet Center	Harlem	55 W 125th St 9th Floor, New York, NY 10027, USA	(646) 273-8139					5	6	https://maps.google.com/?cid=4781040462771629322	Новый
Bond Vet - Upper West Side at 112th Street	Upper West Side	2875 Broadway, Manhattan, NY 10025, USA	(212) 439-5157	https://bondvet.com/c/west-112th-street-animal-hospital?utm_source=google&utm_medium=organic&utm_campaign=gbp-listing&utm_content=upper-west-side-at-112th-street		@bondvetclinic	facebook.com/bondvetclinic	4.2	69	https://maps.google.com/?cid=18201813708783423270	Новый
One Love Animal Hospital - Yorkville	Upper East Side	227 E 84th St, New York, NY 10028, USA	(212) 249-8802	http://www.onelovevet.com/	info@onelovevet.com	@onelovehospital	facebook.com/onelovevet	4.1	104	https://maps.google.com/?cid=9027637258491853189	Новый
Heart of Chelsea Veterinary Group - Hell's Kitchen	Harlem	453 W 46th St, New York, NY 10036, USA	(212) 433-3420	https://heartofchelsea.com/hells-kitchen/		@heartofchelseavet	facebook.com/heartofchelseavet	4.6	74	https://maps.google.com/?cid=9113103779975363519	Новый
Hospital For Veterinary Surgery	Upper West Side	150 Amsterdam Ave, New York, NY 10023, USA	(646) 974-1506	http://www.hvsny.com/	info@hvsny.com	@hvsnyc	facebook.com/hvsny	4.9	136	https://maps.google.com/?cid=4709069940271587910	Новый
Animal General	Upper West Side	558 Columbus Ave, New York, NY 10024, USA	(212) 501-9600	https://thrivepetcare.com/locations/new-york/new-york/animal-general-ny/?utm_source=gmb&utm_medium=web				4.7	233	https://maps.google.com/?cid=10311916112040285787	Новый
Uptown Paws Veterinary Clinic	Upper East Side	1623 1st Ave, New York, NY 10028, USA	(212) 628-5580	https://uptownpawsvet.com/		@uptownpawsvet	facebook.com/uptownpawsveterinaryclinic	5	22	https://maps.google.com/?cid=2388778085785082125	Новый
Columbus Circle Veterinary Hospital	Upper West Side	2 Columbus Ave # 3, New York, NY 10023, USA	(212) 245-3302					4.2	54	https://maps.google.com/?cid=16354725101779464283	Новый
Brilliant Veterinary Care	Upper West Side	641 Amsterdam Ave, New York, NY 10025, USA	(212) 365-5160	https://brilliantvets.com/	hello@brilliantvets.com	@brilliantvets	facebook.com/brilliantvets	4.9	321	https://maps.google.com/?cid=17508401503583105569	Новый
Animal Health Center	Upper West Side	194 Riverside Blvd, New York, NY 10069, USA	(212) 724-2697	https://animalhealthcenterny.com/				4.5	15	https://maps.google.com/?cid=6686769466342779807	Новый
